﻿<?xml version="1.0" encoding="utf-8"?>
<Package xmlns="http://schemas.microsoft.com/appx/manifest/foundation/windows10" xmlns:mp="http://schemas.microsoft.com/appx/2014/phone/manifest" xmlns:uap="http://schemas.microsoft.com/appx/manifest/uap/windows10" xmlns:build="http://schemas.microsoft.com/developer/appx/2015/build" IgnorableNamespaces="uap mp build"> 
	<Identity Name="Homely" Publisher="CN=FEEE5A64-DCE0-4ACE-A683-F0B8FECBAB21" Version="1.0.0.0" ProcessorArchitecture="neutral"/> 
	<mp:PhoneIdentity PhoneProductId="785ba8a6-e4a6-bf07-231a-1f714aa0426c" PhonePublisherId="00000000-0000-0000-0000-000000000000"/> 

	<build:Metadata>
		<build:Item Name="GenerationTool" Version="pwabuilder-api"/>
		<build:Item Name="GenerationToolVersion" Version="2.0.1-rc.0"/>
    <build:Item Name="PlatformId" Value="windows10"/>
    <build:Item Name="PlatformPackage" Value="pwabuilder-windows10"/>
    <build:Item Name="PlatformVersion" Version="2.0.1-rc.1"/>
		<build:Item Name="GeneratedFrom" Value="Website Wizard"/>
		<build:Item Name="GenerationDate" Value="2018-02-15 23:56:03 Z"/>
		<build:Item Name="GeneratedURL" Value="https://www.homely.com.au/assets/manifest.js"/>
	</build:Metadata>

	<Properties> 
		<DisplayName>Homely</DisplayName> 
    <PublisherDisplayName>Homely.com.au</PublisherDisplayName>
    <Logo>images\StoreLogo.png</Logo> 
	</Properties> 

	<Dependencies> 
		<TargetDeviceFamily Name="Windows.Universal" MinVersion="10.0.10240.0" MaxVersionTested="10.0.10240.0"/> 
	</Dependencies> 

	<Resources>
	<Resource Language="en-us"/> 
	 </Resources> 

	<Applications> 
		<Application Id="Homely" StartPage="https://www.homely.com.au/"> 
			<uap:VisualElements DisplayName="Homely" Square150x150Logo="images\Square150x150Logo.png" Square44x44Logo="images\Square44x44Logo.png" Description="Find your perfect home by searching property and real estate listings from across Australia." BackgroundColor="#FFFFFF"> 
        <uap:LockScreen Notification="badge" BadgeLogo="images\BadgeLogo.png"/>
				 
				 
				<uap:InitialRotationPreference> 
					<uap:Rotation Preference="portrait"/> 
				</uap:InitialRotationPreference> 
			</uap:VisualElements> 
			<uap:ApplicationContentUriRules>
				
				<uap:Rule Type="include" WindowsRuntimeAccess="all" Match="https://www.homely.com.au/"/>
			</uap:ApplicationContentUriRules>
		</Application> 
	</Applications> 

	<Capabilities>
		<Capability Name="internetClient"/>
		
	</Capabilities>

</Package>